{
  "properties": {
    "connectionReferences": {
      "shared_commondataserviceforapps": {
        "runtimeSource": "embedded",
        "connection": {
          "connectionReferenceLogicalName": "oases_sharedcommondataserviceforapps_8dc5b"
        },
        "api": {
          "name": "shared_commondataserviceforapps"
        }
      }
    },
    "definition": {
      "$schema": "https://schema.management.azure.com/providers/Microsoft.Logic/schemas/2016-06-01/workflowdefinition.json#",
      "contentVersion": "1.0.0.0",
      "parameters": {
        "$connections": {
          "defaultValue": {},
          "type": "Object"
        },
        "$authentication": {
          "defaultValue": {},
          "type": "SecureObject"
        }
      },
      "triggers": {
        "manual": {
          "metadata": {
            "operationMetadataId": "4ba13802-1bcd-4549-9558-4ac49094f276"
          },
          "type": "Request",
          "kind": "PowerAppV2",
          "inputs": {
            "schema": {
              "type": "object",
              "properties": {
                "text": {
                  "title": "InvoiceDetailID",
                  "type": "string",
                  "x-ms-dynamically-added": true,
                  "description": "Please enter your input",
                  "x-ms-content-hint": "TEXT"
                }
              },
              "required": [
                "text"
              ]
            }
          }
        }
      },
      "actions": {
        "Invoice": {
          "runAfter": {
            "Invoice_Detail": [
              "Succeeded"
            ]
          },
          "metadata": {
            "operationMetadataId": "f53bdb5d-39d7-4ec9-9779-a35fb6de8811"
          },
          "type": "OpenApiConnection",
          "inputs": {
            "host": {
              "connectionName": "shared_commondataserviceforapps",
              "operationId": "GetItem",
              "apiId": "/providers/Microsoft.PowerApps/apis/shared_commondataserviceforapps"
            },
            "parameters": {
              "entityName": "oases_invoices",
              "recordId": "@outputs('Invoice_Detail')?['body/_oases_invoice_value']",
              "$select": "statuscode,_oases_partner_value,oases_invoiceid"
            },
            "authentication": "@parameters('$authentication')"
          }
        },
        "Return_If_Invoice_Not_Draft": {
          "actions": {
            "Respond_to_a_Power_App_or_flow_2": {
              "runAfter": {},
              "metadata": {
                "operationMetadataId": "be3893b7-767e-4dad-91e2-adfd059619ca"
              },
              "type": "Response",
              "kind": "PowerApp",
              "inputs": {
                "statusCode": 200,
                "body": {},
                "schema": {
                  "type": "object",
                  "properties": {}
                }
              }
            },
            "Terminate": {
              "runAfter": {
                "Respond_to_a_Power_App_or_flow_2": [
                  "Succeeded"
                ]
              },
              "metadata": {
                "operationMetadataId": "cd97fecd-2596-46fb-a6e8-1280d74c560a"
              },
              "type": "Terminate",
              "inputs": {
                "runStatus": "Cancelled"
              }
            }
          },
          "runAfter": {
            "Invoice": [
              "Succeeded"
            ]
          },
          "expression": {
            "not": {
              "equals": [
                "@outputs('Invoice')?['body/statuscode']",
                1
              ]
            }
          },
          "metadata": {
            "operationMetadataId": "d4c42fa9-62fd-40ff-ab63-5cac49cbf770"
          },
          "type": "If"
        },
        "Partner": {
          "runAfter": {
            "Volume_Discount_Value": [
              "Succeeded"
            ]
          },
          "metadata": {
            "operationMetadataId": "e42a3913-f0bb-4015-ab83-17c93eca4f5f"
          },
          "type": "OpenApiConnection",
          "inputs": {
            "host": {
              "connectionName": "shared_commondataserviceforapps",
              "operationId": "GetItem",
              "apiId": "/providers/Microsoft.PowerApps/apis/shared_commondataserviceforapps"
            },
            "parameters": {
              "entityName": "accounts",
              "recordId": "@outputs('Invoice')?['body/_oases_partner_value']",
              "$select": "_oases_partner_tier_value"
            },
            "authentication": "@parameters('$authentication')"
          }
        },
        "Invoice_Detail": {
          "runAfter": {},
          "metadata": {
            "operationMetadataId": "32f04a9e-bcda-4638-b93a-c1dd5cbe01e4"
          },
          "type": "OpenApiConnection",
          "inputs": {
            "host": {
              "connectionName": "shared_commondataserviceforapps",
              "operationId": "GetItem",
              "apiId": "/providers/Microsoft.PowerApps/apis/shared_commondataserviceforapps"
            },
            "parameters": {
              "entityName": "oases_invoice_details",
              "recordId": "@triggerBody()['text']"
            },
            "authentication": "@parameters('$authentication')"
          }
        },
        "Volume_Discount_Value": {
          "runAfter": {
            "Volume_Discount_for_150": [
              "Succeeded"
            ]
          },
          "metadata": {
            "operationMetadataId": "901a7908-fdb7-4d46-85e9-b9186a5712a0"
          },
          "type": "Compose",
          "inputs": "@mul(outputs('Total'),variables('VolumeDiscount'))"
        },
        "Unit_Discount": {
          "runAfter": {
            "Total": [
              "Succeeded"
            ]
          },
          "metadata": {
            "operationMetadataId": "3ee66116-8508-440b-8829-c20ae55314ff"
          },
          "type": "Compose",
          "inputs": "@if(equals(outputs('Invoice_Detail')?['body']?['oases_unit_discount'],null), 0, outputs('Invoice_Detail')?['body/oases_unit_discount'])"
        },
        "Total": {
          "runAfter": {
            "Return_If_Invoice_Not_Draft": [
              "Succeeded"
            ]
          },
          "metadata": {
            "operationMetadataId": "7bce6020-20d9-4f1a-8cf5-12ce7290a220"
          },
          "type": "Compose",
          "inputs": "@mul(outputs('Invoice_Detail')?['body/oases_price'],outputs('Invoice_Detail')?['body/oases_quantity'])"
        },
        "Unit_Discount_Total": {
          "runAfter": {
            "Unit_Discount": [
              "Succeeded"
            ]
          },
          "metadata": {
            "operationMetadataId": "11ed325a-89dc-480e-b547-17fef4a09f78"
          },
          "type": "Compose",
          "inputs": "@mul(outputs('Invoice_Detail')?['body/oases_quantity'],outputs('Unit_Discount'))"
        },
        "Initialize_VolumeDiscount": {
          "runAfter": {
            "Unit_Discount_Total": [
              "Succeeded"
            ]
          },
          "metadata": {
            "operationMetadataId": "10790a66-c8d9-481e-861b-00720667b98e"
          },
          "type": "InitializeVariable",
          "inputs": {
            "variables": [
              {
                "name": "VolumeDiscount",
                "type": "float",
                "value": 0
              }
            ]
          }
        },
        "Volume_Discount_for_10": {
          "actions": {
            "Set_VolumeDiscount_to_5": {
              "runAfter": {},
              "metadata": {
                "operationMetadataId": "c7b37827-3d39-4f70-9586-071ddb50bd4f"
              },
              "type": "SetVariable",
              "inputs": {
                "name": "VolumeDiscount",
                "value": 0.05
              }
            }
          },
          "runAfter": {
            "Initialize_VolumeDiscount": [
              "Succeeded"
            ]
          },
          "expression": {
            "greaterOrEquals": [
              "@outputs('Invoice_Detail')?['body/oases_quantity']",
              10
            ]
          },
          "metadata": {
            "operationMetadataId": "df259b2e-3f87-4bba-90bf-864fc4190e3f"
          },
          "type": "If"
        },
        "Volume_Discount_for_50": {
          "actions": {
            "Set_VolumeDiscount_to_10": {
              "runAfter": {},
              "metadata": {
                "operationMetadataId": "498fac02-6151-4b4b-9d96-66798cdb2399"
              },
              "type": "SetVariable",
              "inputs": {
                "name": "VolumeDiscount",
                "value": 0.1
              }
            }
          },
          "runAfter": {
            "Volume_Discount_for_10": [
              "Succeeded"
            ]
          },
          "expression": {
            "greaterOrEquals": [
              "@outputs('Invoice_Detail')?['body/oases_quantity']",
              50
            ]
          },
          "metadata": {
            "operationMetadataId": "b240338b-e1e0-4752-8f22-6b11e92ecfb7"
          },
          "type": "If"
        },
        "Volume_Discount_for_100": {
          "actions": {
            "Set_VolumeDiscount_to_15": {
              "runAfter": {},
              "metadata": {
                "operationMetadataId": "e22885d4-95f6-4ba0-91db-7eead67e5bfb"
              },
              "type": "SetVariable",
              "inputs": {
                "name": "VolumeDiscount",
                "value": 0.15
              }
            }
          },
          "runAfter": {
            "Volume_Discount_for_50": [
              "Succeeded"
            ]
          },
          "expression": {
            "greaterOrEquals": [
              "@outputs('Invoice_Detail')?['body/oases_quantity']",
              100
            ]
          },
          "metadata": {
            "operationMetadataId": "39ef0386-6284-41cd-9221-9bc98ab96fb8"
          },
          "type": "If"
        },
        "Volume_Discount_for_150": {
          "actions": {
            "Set_VolumeDiscount_to_20": {
              "runAfter": {},
              "metadata": {
                "operationMetadataId": "584d858f-e8d6-44be-b57a-cb4fba7b35ff"
              },
              "type": "SetVariable",
              "inputs": {
                "name": "VolumeDiscount",
                "value": 0.2
              }
            }
          },
          "runAfter": {
            "Volume_Discount_for_100": [
              "Succeeded"
            ]
          },
          "expression": {
            "greaterOrEquals": [
              "@outputs('Invoice_Detail')?['body/oases_quantity']",
              150
            ]
          },
          "metadata": {
            "operationMetadataId": "917bcea9-f086-454c-8c53-244b5dcec4ee"
          },
          "type": "If"
        },
        "Partner_has_Tier": {
          "actions": {
            "Partner_Tier": {
              "runAfter": {},
              "metadata": {
                "operationMetadataId": "35e06559-0fa2-4dd7-8d7f-a0c042bd3137"
              },
              "type": "OpenApiConnection",
              "inputs": {
                "host": {
                  "connectionName": "shared_commondataserviceforapps",
                  "operationId": "GetItem",
                  "apiId": "/providers/Microsoft.PowerApps/apis/shared_commondataserviceforapps"
                },
                "parameters": {
                  "entityName": "oases_partner_tiers",
                  "recordId": "@outputs('Partner')?['body']?['_oases_partner_tier_value']",
                  "$select": "oases_discount_value"
                },
                "authentication": "@parameters('$authentication')"
              }
            },
            "Set_Tier_discount_as_Percent": {
              "runAfter": {
                "Partner_Tier": [
                  "Succeeded"
                ]
              },
              "metadata": {
                "operationMetadataId": "74decfdf-d7bf-481f-b074-9bd4a14b51de"
              },
              "type": "SetVariable",
              "inputs": {
                "name": "PartnerTierDiscount",
                "value": "@div(outputs('Partner_Tier')?['body/oases_discount_value'],100)"
              }
            }
          },
          "runAfter": {
            "Initialize_PartnerTierDiscount": [
              "Succeeded"
            ]
          },
          "expression": {
            "equals": [
              "@outputs('Partner')?['body']?['_oases_partner_tier_value']",
              "@null"
            ]
          },
          "metadata": {
            "operationMetadataId": "03469bc9-b2a7-42bd-a4ce-d3c5f53b19d2"
          },
          "type": "If"
        },
        "Initialize_PartnerTierDiscount": {
          "runAfter": {
            "Partner": [
              "Succeeded"
            ]
          },
          "metadata": {
            "operationMetadataId": "8a064a89-de55-4296-9464-55876c57d2fd"
          },
          "type": "InitializeVariable",
          "inputs": {
            "variables": [
              {
                "name": "PartnerTierDiscount",
                "type": "float",
                "value": 0
              }
            ]
          }
        },
        "Tier_Discount_Value": {
          "runAfter": {
            "Partner_has_Tier": [
              "Succeeded"
            ]
          },
          "metadata": {
            "operationMetadataId": "12811464-d4a7-43da-a145-199cafe0afa7"
          },
          "type": "Compose",
          "inputs": "@mul(outputs('Total'),variables('PartnerTierDiscount'))"
        },
        "Total_Discount": {
          "runAfter": {
            "Tier_Discount_Value": [
              "Succeeded"
            ]
          },
          "metadata": {
            "operationMetadataId": "ac9214b7-aca7-4555-98e8-dd56392522d2"
          },
          "type": "Compose",
          "inputs": "@add(add(outputs('Tier_Discount_Value'),outputs('Volume_Discount_Value')),outputs('Unit_Discount_Total'))"
        },
        "Discounted_Total": {
          "runAfter": {
            "Total_Discount": [
              "Succeeded"
            ]
          },
          "metadata": {
            "operationMetadataId": "534d4f3b-e0a6-4870-af06-a7712ec95127"
          },
          "type": "Compose",
          "inputs": "@sub(outputs('Total'),outputs('Total_Discount'))"
        },
        "Fixed_Negative_Discounted_Total": {
          "runAfter": {
            "Discounted_Total": [
              "Succeeded"
            ]
          },
          "metadata": {
            "operationMetadataId": "b129a75a-e4e4-48bc-8e9e-2840f7872ef3"
          },
          "type": "Compose",
          "inputs": "@if(less(outputs('Discounted_Total'),0),0,outputs('Discounted_Total'))"
        },
        "Update_Invoice_Detail": {
          "runAfter": {
            "Fixed_Negative_Discounted_Total": [
              "Succeeded"
            ]
          },
          "metadata": {
            "operationMetadataId": "de278f7b-a857-4b86-98de-f707662da20b"
          },
          "type": "OpenApiConnection",
          "inputs": {
            "host": {
              "connectionName": "shared_commondataserviceforapps",
              "operationId": "UpdateOnlyRecord",
              "apiId": "/providers/Microsoft.PowerApps/apis/shared_commondataserviceforapps"
            },
            "parameters": {
              "entityName": "oases_invoice_details",
              "recordId": "@triggerBody()['text']",
              "item/oases_discounted_total": "@outputs('Fixed_Negative_Discounted_Total')",
              "item/oases_total": "@outputs('Total')",
              "item/oases_total_discount": "@outputs('Total_Discount')",
              "item/oases_dolume_discount": "@mul(variables('VolumeDiscount'), 100)"
            },
            "authentication": "@parameters('$authentication')"
          }
        },
        "Respond_to_a_Power_App_or_flow": {
          "runAfter": {
            "Update_Invoice_Totals": [
              "Succeeded"
            ]
          },
          "metadata": {
            "operationMetadataId": "aee79b1a-4116-4855-bcd4-c262e31da9c5"
          },
          "type": "Response",
          "kind": "PowerApp",
          "inputs": {
            "statusCode": 200,
            "body": {},
            "schema": {
              "type": "object",
              "properties": {}
            }
          }
        },
        "List_Invoice_Details": {
          "runAfter": {
            "Update_Invoice_Detail": [
              "Succeeded"
            ]
          },
          "metadata": {
            "operationMetadataId": "cea8934a-4864-4ea0-bb1e-f62f3cf57306"
          },
          "type": "OpenApiConnection",
          "inputs": {
            "host": {
              "connectionName": "shared_commondataserviceforapps",
              "operationId": "ListRecords",
              "apiId": "/providers/Microsoft.PowerApps/apis/shared_commondataserviceforapps"
            },
            "parameters": {
              "entityName": "oases_invoice_details",
              "$filter": "_oases_invoice_value eq @{outputs('Invoice')?['body/oases_invoiceid']}"
            },
            "authentication": "@parameters('$authentication')"
          }
        },
        "Initialize_InvoiceTotal": {
          "runAfter": {
            "List_Invoice_Details": [
              "Succeeded"
            ]
          },
          "metadata": {
            "operationMetadataId": "cd67902c-95c4-419c-9205-17bb2c6b3ae6"
          },
          "type": "InitializeVariable",
          "inputs": {
            "variables": [
              {
                "name": "InvoiceTotal",
                "type": "float",
                "value": 0
              }
            ]
          }
        },
        "Initialize_InvoiceTotalDiscount": {
          "runAfter": {
            "Initialize_InvoiceTotal": [
              "Succeeded"
            ]
          },
          "metadata": {
            "operationMetadataId": "91a942d3-8454-447b-8d79-4b3c4b788db5"
          },
          "type": "InitializeVariable",
          "inputs": {
            "variables": [
              {
                "name": "InvoiceTotalDiscount",
                "type": "float",
                "value": 0
              }
            ]
          }
        },
        "Initialize_InvoiceDiscountedTotal": {
          "runAfter": {
            "Initialize_InvoiceTotalDiscount": [
              "Succeeded"
            ]
          },
          "metadata": {
            "operationMetadataId": "c5d6267e-fefb-4321-ab84-18884cb9989c"
          },
          "type": "InitializeVariable",
          "inputs": {
            "variables": [
              {
                "name": "InvoiceDiscountedTotal",
                "type": "float",
                "value": 0
              }
            ]
          }
        },
        "Each_Invoice_Detail": {
          "foreach": "@outputs('List_Invoice_Details')?['body/value']",
          "actions": {
            "Compose_InvoiceTotal": {
              "runAfter": {},
              "metadata": {
                "operationMetadataId": "8c2f3cf0-7e12-4bd8-89f2-4562e2aa4934"
              },
              "type": "Compose",
              "inputs": "@add(variables('InvoiceTotal'),items('Each_Invoice_Detail')?['oases_total'])"
            },
            "Set_InvoiceTotal": {
              "runAfter": {
                "Compose_InvoiceTotal": [
                  "Succeeded"
                ]
              },
              "metadata": {
                "operationMetadataId": "b307f5ae-9896-4ba2-8081-6b79b978aa26"
              },
              "type": "SetVariable",
              "inputs": {
                "name": "InvoiceTotal",
                "value": "@outputs('Compose_InvoiceTotal')"
              }
            },
            "Compose_InvoiceTotalDiscount": {
              "runAfter": {
                "Set_InvoiceTotal": [
                  "Succeeded"
                ]
              },
              "metadata": {
                "operationMetadataId": "b272077d-9192-4ebf-b3db-a73839fa7fe8"
              },
              "type": "Compose",
              "inputs": "@add(variables('InvoiceTotalDiscount'), items('Each_Invoice_Detail')?['oases_total_discount'])"
            },
            "Set_InvoiceTotalDiscount": {
              "runAfter": {
                "Compose_InvoiceTotalDiscount": [
                  "Succeeded"
                ]
              },
              "metadata": {
                "operationMetadataId": "a8c86e82-5960-434d-aed5-52cbf20b43d5"
              },
              "type": "SetVariable",
              "inputs": {
                "name": "InvoiceTotalDiscount",
                "value": "@outputs('Compose_InvoiceTotalDiscount')"
              }
            },
            "Compose_InvoiceDiscountedTotal": {
              "runAfter": {
                "Set_InvoiceTotalDiscount": [
                  "Succeeded"
                ]
              },
              "metadata": {
                "operationMetadataId": "9116df2c-6e00-4a86-8322-2b22126f8662"
              },
              "type": "Compose",
              "inputs": "@add(variables('InvoiceDiscountedTotal'), items('Each_Invoice_Detail')?['oases_discounted_total'])"
            },
            "Set_InvoiceDiscountedTotal": {
              "runAfter": {
                "Compose_InvoiceDiscountedTotal": [
                  "Succeeded"
                ]
              },
              "metadata": {
                "operationMetadataId": "83099f61-bf3a-415a-bef2-80bcfddf9ff3"
              },
              "type": "SetVariable",
              "inputs": {
                "name": "InvoiceDiscountedTotal",
                "value": "@outputs('Compose_InvoiceDiscountedTotal')"
              }
            }
          },
          "runAfter": {
            "Initialize_InvoiceDiscountedTotal": [
              "Succeeded"
            ]
          },
          "metadata": {
            "operationMetadataId": "82385864-f2b6-4fbc-8b44-440facd78fd2"
          },
          "type": "Foreach"
        },
        "Update_Invoice_Totals": {
          "runAfter": {
            "Each_Invoice_Detail": [
              "Succeeded"
            ]
          },
          "metadata": {
            "operationMetadataId": "5fa5ab16-6bd1-4a31-b5f0-448e15a04ff1"
          },
          "type": "OpenApiConnection",
          "inputs": {
            "host": {
              "connectionName": "shared_commondataserviceforapps",
              "operationId": "UpdateOnlyRecord",
              "apiId": "/providers/Microsoft.PowerApps/apis/shared_commondataserviceforapps"
            },
            "parameters": {
              "entityName": "oases_invoices",
              "recordId": "@outputs('Invoice')?['body/oases_invoiceid']",
              "item/oases_discounted_total": "@variables('InvoiceDiscountedTotal')",
              "item/oases_total": "@variables('InvoiceTotal')",
              "item/oases_total_discount": "@variables('InvoiceTotalDiscount')"
            },
            "authentication": "@parameters('$authentication')"
          }
        }
      }
    },
    "templateName": ""
  },
  "schemaVersion": "1.0.0.0"
}