{
  "properties": {
    "connectionReferences": {
      "shared_commondataserviceforapps": {
        "runtimeSource": "embedded",
        "connection": {
          "connectionReferenceLogicalName": "oases_sharedcommondataserviceforapps_8dc5b"
        },
        "api": {
          "name": "shared_commondataserviceforapps"
        }
      }
    },
    "definition": {
      "$schema": "https://schema.management.azure.com/providers/Microsoft.Logic/schemas/2016-06-01/workflowdefinition.json#",
      "contentVersion": "1.0.0.0",
      "parameters": {
        "$connections": {
          "defaultValue": {},
          "type": "Object"
        },
        "$authentication": {
          "defaultValue": {},
          "type": "SecureObject"
        }
      },
      "triggers": {
        "When_a_row_is_added,_modified_or_deleted": {
          "metadata": {
            "operationMetadataId": "20760b19-931b-4602-8b0c-71f74518d034"
          },
          "type": "OpenApiConnectionWebhook",
          "inputs": {
            "host": {
              "connectionName": "shared_commondataserviceforapps",
              "operationId": "SubscribeWebhookTrigger",
              "apiId": "/providers/Microsoft.PowerApps/apis/shared_commondataserviceforapps"
            },
            "parameters": {
              "subscriptionRequest/message": 4,
              "subscriptionRequest/entityname": "oases_invoice_detail",
              "subscriptionRequest/scope": 4,
              "subscriptionRequest/filteringattributes": "oases_invoice_detailid",
              "subscriptionRequest/filterexpression": "oases_quantity,oases_price,oases_unit_discount"
            },
            "authentication": "@parameters('$authentication')"
          }
        }
      },
      "actions": {
        "Calculate_and_Update_Invoice_Detail_Price": {
          "runAfter": {},
          "metadata": {
            "operationMetadataId": "2c163c68-428f-44a2-b73d-f8d3aef3e171"
          },
          "type": "Workflow",
          "inputs": {
            "host": {
              "workflowReferenceName": "939733c0-c3bd-f011-bbd3-7ced8d72883c"
            },
            "body": {
              "text": "@triggerOutputs()?['body/oases_invoice_detailid']"
            }
          }
        }
      }
    },
    "templateName": ""
  },
  "schemaVersion": "1.0.0.0"
}