{
  "properties": {
    "connectionReferences": {
      "shared_oases-5fjson-20placeholder-20api-20fancy-5f6a15b26ab8333ea9": {
        "runtimeSource": "invoker",
        "connection": {
          "connectionReferenceLogicalName": "oases_json_placeholder_fancy_connref"
        },
        "api": {
          "name": "shared_oases-5fjson-20placeholder-20api-20fancy-5f6a15b26ab8333ea9",
          "logicalName": "oases_5Fjson-20placeholder-20api-20fancy"
        }
      }
    },
    "definition": {
      "$schema": "https://schema.management.azure.com/providers/Microsoft.Logic/schemas/2016-06-01/workflowdefinition.json#",
      "contentVersion": "1.0.0.0",
      "parameters": {
        "$connections": {
          "defaultValue": {},
          "type": "Object"
        },
        "$authentication": {
          "defaultValue": {},
          "type": "SecureObject"
        }
      },
      "triggers": {
        "manual": {
          "metadata": {
            "operationMetadataId": "3151e1fe-3d21-448d-9fe6-1d10d7be42bb"
          },
          "type": "Request",
          "kind": "Button",
          "inputs": {
            "schema": {
              "type": "object",
              "properties": {},
              "required": []
            }
          }
        }
      },
      "actions": {
        "Create_Post": {
          "runAfter": {},
          "metadata": {
            "operationMetadataId": "02870fc0-e630-47aa-9a3a-669d6bb8759d"
          },
          "type": "OpenApiConnection",
          "inputs": {
            "host": {
              "connectionName": "shared_oases-5fjson-20placeholder-20api-20fancy-5f6a15b26ab8333ea9",
              "operationId": "CreatePost",
              "apiId": ""
            },
            "parameters": {
              "body/body": "Lorem ipsum dolor sit amet",
              "body/title": "Title",
              "body/userId": 1
            },
            "authentication": {
              "type": "Raw",
              "value": "@json(decodeBase64(triggerOutputs().headers['X-MS-APIM-Tokens']))['$ConnectionKey']"
            }
          }
        },
        "Get_Users": {
          "runAfter": {
            "Create_Post": [
              "Succeeded"
            ]
          },
          "metadata": {
            "operationMetadataId": "4aa072b7-3877-4441-8c02-2604e454086c"
          },
          "type": "OpenApiConnection",
          "inputs": {
            "host": {
              "connectionName": "shared_oases-5fjson-20placeholder-20api-20fancy-5f6a15b26ab8333ea9",
              "operationId": "GetUsers",
              "apiId": ""
            },
            "parameters": {
              "address.city": "Gwenborough"
            },
            "authentication": {
              "type": "Raw",
              "value": "@json(decodeBase64(triggerOutputs().headers['X-MS-APIM-Tokens']))['$ConnectionKey']"
            }
          }
        },
        "Get_Post": {
          "runAfter": {
            "Get_Users": [
              "Succeeded"
            ]
          },
          "metadata": {
            "operationMetadataId": "c8f99ad0-9a3c-47c7-9d63-dd102e41c96d"
          },
          "type": "OpenApiConnection",
          "inputs": {
            "host": {
              "connectionName": "shared_oases-5fjson-20placeholder-20api-20fancy-5f6a15b26ab8333ea9",
              "operationId": "GetPost",
              "apiId": ""
            },
            "parameters": {
              "postId": "1"
            },
            "authentication": {
              "type": "Raw",
              "value": "@json(decodeBase64(triggerOutputs().headers['X-MS-APIM-Tokens']))['$ConnectionKey']"
            }
          }
        }
      }
    },
    "templateName": ""
  },
  "schemaVersion": "1.0.0.0"
}