{
  "properties": {
    "connectionReferences": {},
    "definition": {
      "$schema": "https://schema.management.azure.com/providers/Microsoft.Logic/schemas/2016-06-01/workflowdefinition.json#",
      "contentVersion": "1.0.0.0",
      "parameters": {
        "$authentication": {
          "defaultValue": {},
          "type": "SecureObject"
        }
      },
      "triggers": {
        "manual": {
          "metadata": {
            "operationMetadataId": "5f3cf32a-420a-4952-a7b1-d146ee3ec074"
          },
          "type": "Request",
          "kind": "Button",
          "inputs": {
            "schema": {
              "type": "object",
              "properties": {},
              "required": []
            }
          }
        }
      },
      "actions": {
        "HTTP": {
          "runAfter": {
            "Initialize_EndDate": [
              "Succeeded"
            ]
          },
          "metadata": {
            "operationMetadataId": "e7857121-2b43-471f-b1a5-f5fa829fa2e9"
          },
          "type": "Http",
          "inputs": {
            "method": "POST",
            "uri": "http://www.mnb.hu/arfolyamok.asmx",
            "headers": {
              "Content-Type": "text/xml; charset=utf-8",
              "SOAPAction": "http://www.mnb.hu/webservices/MNBArfolyamServiceSoap/GetExchangeRates",
              "Accept": "text/xml; charset=utf-8"
            },
            "body": "<?xml version=\"1.0\" encoding=\"utf-8\"?>\n<soap:Envelope xmlns:soap=\"http://schemas.xmlsoap.org/soap/envelope/\">\n\t<soap:Body>\n\t\t<GetExchangeRates xmlns=\"http://www.mnb.hu/webservices/\">\n\t\t\t<startDate>@{variables('StartDate')}</startDate>\n\t\t\t<endDate>@{variables('EndDate')}</endDate>\n\t\t\t<currencyNames>@{variables('Currencies')}</currencyNames>\n\t\t</GetExchangeRates>\n\t</soap:Body>\n</soap:Envelope>"
          }
        },
        "Initialize_Currencies": {
          "runAfter": {},
          "metadata": {
            "operationMetadataId": "04486bd9-e289-4f41-afbc-34bb057fb3cd"
          },
          "type": "InitializeVariable",
          "inputs": {
            "variables": [
              {
                "name": "Currencies",
                "type": "string",
                "value": "EUR,JPY,AUD"
              }
            ]
          }
        },
        "Initialize_StartDate": {
          "runAfter": {
            "Initialize_Currencies": [
              "Succeeded"
            ]
          },
          "metadata": {
            "operationMetadataId": "27d8b02c-3385-4e6a-82e9-fcdc16d1d196"
          },
          "type": "InitializeVariable",
          "inputs": {
            "variables": [
              {
                "name": "StartDate",
                "type": "string",
                "value": "@{formatDateTime(addDays(utcNow(), -10),'yyyy-MM-dd')}"
              }
            ]
          }
        },
        "Initialize_EndDate": {
          "runAfter": {
            "Initialize_StartDate": [
              "Succeeded"
            ]
          },
          "metadata": {
            "operationMetadataId": "b6514823-4726-431d-b713-e06abbd43713"
          },
          "type": "InitializeVariable",
          "inputs": {
            "variables": [
              {
                "name": "EndDate",
                "type": "string",
                "value": "@{formatDateTime(addDays(utcNow(), -5),'yyyy-MM-dd')}"
              }
            ]
          }
        },
        "Parse_Response_as_JSON": {
          "runAfter": {
            "HTTP": [
              "Succeeded"
            ]
          },
          "metadata": {
            "operationMetadataId": "0660e673-8cb0-4ed4-ac2a-2a0dda48f922"
          },
          "type": "Compose",
          "inputs": "@json(xml(body('HTTP')))"
        },
        "Parse_GetExchangeRatesResult_as_JSON": {
          "runAfter": {
            "Get_GetExchangeRatesResult": [
              "Succeeded"
            ]
          },
          "metadata": {
            "operationMetadataId": "052d6497-4648-421d-9108-801b000e6ab3"
          },
          "type": "Compose",
          "inputs": "@json(xml(outputs('Get_GetExchangeRatesResult')))"
        },
        "Get_GetExchangeRatesResult": {
          "runAfter": {
            "Parse_Response_as_JSON": [
              "Succeeded"
            ]
          },
          "metadata": {
            "operationMetadataId": "e0d446de-3828-4fed-8746-999acc2f8a67"
          },
          "type": "Compose",
          "inputs": "@outputs('Parse_Response_as_JSON')?['s:Envelope']?['s:Body']?['GetExchangeRatesResponse']?['GetExchangeRatesResult']"
        },
        "Parse_Rates": {
          "runAfter": {
            "Parse_GetExchangeRatesResult_as_JSON": [
              "Succeeded"
            ]
          },
          "metadata": {
            "operationMetadataId": "26752aa1-11dd-4e9b-8b4b-e456fc6b6b85"
          },
          "type": "ParseJson",
          "inputs": {
            "content": "@outputs('Parse_GetExchangeRatesResult_as_JSON')?['MNBExchangeRates']?['Day']",
            "schema": {
              "type": "array",
              "items": {
                "type": "object",
                "properties": {
                  "@@date": {
                    "type": "string"
                  },
                  "Rate": {
                    "type": "array",
                    "items": {
                      "type": "object",
                      "properties": {
                        "@@unit": {
                          "type": "string"
                        },
                        "@@curr": {
                          "type": "string"
                        },
                        "#text": {
                          "type": "string"
                        }
                      },
                      "required": [
                        "@@unit",
                        "@@curr",
                        "#text"
                      ]
                    }
                  }
                },
                "required": [
                  "@@date",
                  "Rate"
                ]
              }
            }
          }
        }
      }
    },
    "templateName": ""
  },
  "schemaVersion": "1.0.0.0"
}