{
  "properties": {
    "connectionReferences": {
      "shared_oases-5fmnb-20api-5f6a15b26ab8333ea9": {
        "runtimeSource": "invoker",
        "connection": {
          "connectionReferenceLogicalName": "oases_mnb_connref"
        },
        "api": {
          "name": "shared_oases-5fmnb-20api-5f6a15b26ab8333ea9",
          "logicalName": "oases_5Fmnb-20api"
        }
      }
    },
    "definition": {
      "$schema": "https://schema.management.azure.com/providers/Microsoft.Logic/schemas/2016-06-01/workflowdefinition.json#",
      "contentVersion": "1.0.0.0",
      "parameters": {
        "$connections": {
          "defaultValue": {},
          "type": "Object"
        },
        "$authentication": {
          "defaultValue": {},
          "type": "SecureObject"
        }
      },
      "triggers": {
        "manual": {
          "metadata": {
            "operationMetadataId": "0802ce09-6e7d-44b9-86ca-020e07aa28ef"
          },
          "type": "Request",
          "kind": "Button",
          "inputs": {
            "schema": {
              "type": "object",
              "properties": {},
              "required": []
            }
          }
        }
      },
      "actions": {
        "Get_available_currencies": {
          "runAfter": {},
          "metadata": {
            "operationMetadataId": "19dd5766-68d0-453b-8a29-74e7b3953413"
          },
          "type": "OpenApiConnection",
          "inputs": {
            "host": {
              "connectionName": "shared_oases-5fmnb-20api-5f6a15b26ab8333ea9",
              "operationId": "GetCurrencies",
              "apiId": ""
            },
            "parameters": {},
            "authentication": {
              "type": "Raw",
              "value": "@json(decodeBase64(triggerOutputs().headers['X-MS-APIM-Tokens']))['$ConnectionKey']"
            }
          }
        },
        "Apply_to_each": {
          "foreach": "@outputs('Get_historical_exchange_rates')?['body/values']",
          "actions": {
            "Compose": {
              "runAfter": {},
              "metadata": {
                "operationMetadataId": "9a168e26-9046-46e9-980a-d68bee5d6e0d"
              },
              "type": "Compose",
              "inputs": "@items('Apply_to_each')?['rates']"
            }
          },
          "runAfter": {
            "Get_service_information": [
              "Succeeded"
            ]
          },
          "metadata": {
            "operationMetadataId": "aafbec85-22d2-4278-b485-3f32a6b253ee"
          },
          "type": "Foreach"
        },
        "Get_historical_exchange_rates": {
          "runAfter": {
            "Get_available_currencies": [
              "Succeeded"
            ]
          },
          "metadata": {
            "operationMetadataId": "549d64dc-9f17-438e-8011-dd935a635ad6"
          },
          "type": "OpenApiConnection",
          "inputs": {
            "host": {
              "connectionName": "shared_oases-5fmnb-20api-5f6a15b26ab8333ea9",
              "operationId": "GetExchangeRates",
              "apiId": ""
            },
            "parameters": {
              "currencyNames": "EUR",
              "startDate": "2025-10-01",
              "endDate": "2025-10-05"
            },
            "authentication": {
              "type": "Raw",
              "value": "@json(decodeBase64(triggerOutputs().headers['X-MS-APIM-Tokens']))['$ConnectionKey']"
            }
          }
        },
        "Get_service_information": {
          "runAfter": {
            "Get_historical_exchange_rates": [
              "Succeeded"
            ]
          },
          "metadata": {
            "operationMetadataId": "419b80c8-4468-4802-8d00-c98e234b0a34"
          },
          "type": "OpenApiConnection",
          "inputs": {
            "host": {
              "connectionName": "shared_oases-5fmnb-20api-5f6a15b26ab8333ea9",
              "operationId": "GetInfo",
              "apiId": ""
            },
            "parameters": {},
            "authentication": {
              "type": "Raw",
              "value": "@json(decodeBase64(triggerOutputs().headers['X-MS-APIM-Tokens']))['$ConnectionKey']"
            }
          }
        }
      }
    },
    "templateName": ""
  },
  "schemaVersion": "1.0.0.0"
}