{"swagger":"2.0","info":{"version":"1.0.0","title":"MNB Exchange Rates (Hungarian National Bank)","description":"Custom connector for retrieving exchange rates from the Hungarian National Bank (MNB) SOAP web service. Provides access to current and historical currency exchange rates.","contact":{"name":"Ódor András"}},"host":"www.mnb.hu","basePath":"/","schemes":["http"],"consumes":["text/xml"],"produces":["text/xml"],"paths":{"/arfolyamok.asmx/GetCurrencies":{"post":{"summary":"Get available currencies","description":"Retrieves the list of all available currency codes from MNB","operationId":"GetCurrencies","parameters":[{"name":"Content-Type","in":"header","required":true,"type":"string","default":"text/xml; charset=utf-8","x-ms-visibility":"internal"},{"name":"SOAPAction","in":"header","required":true,"type":"string","default":"http://www.mnb.hu/webservices/MNBArfolyamServiceSoap/GetCurrencies","x-ms-visibility":"internal"}],"responses":{"200":{"description":"Success","schema":{"type":"object","properties":{"values":{"type":"array","description":"Available currency codes","items":{"$ref":"#/definitions/CurrencyObj"}}}}}}}},"/arfolyamok.asmx/GetCurrencyUnits":{"post":{"summary":"Get currency units","description":"Retrieves the units for each currency (e.g., 1 EUR, 100 JPY)","operationId":"GetCurrencyUnits","parameters":[{"name":"Content-Type","in":"header","required":true,"type":"string","default":"text/xml; charset=utf-8","x-ms-visibility":"internal"},{"name":"SOAPAction","in":"header","required":true,"type":"string","default":"http://www.mnb.hu/webservices/MNBArfolyamServiceSoap/GetCurrencyUnits","x-ms-visibility":"internal"},{"name":"currencyNames","in":"query","x-ms-summary":"Currency Codes","type":"string","required":true,"description":"Select a currency, or provide a comma separated list of currency codes","x-ms-dynamic-values":{"operationId":"GetCurrencies","value-collection":"values","value-path":"currency","value-title":"currency"}}],"responses":{"200":{"description":"Success","schema":{"type":"object","properties":{"values":{"type":"array","items":{"$ref":"#/definitions/CurrencyUnitObj"}}}}}}}},"/arfolyamok.asmx/GetCurrentExchangeRates":{"post":{"summary":"Get current exchange rates","description":"Retrieves the most recent exchange rates for all currencies","operationId":"GetCurrentExchangeRates","parameters":[{"name":"Content-Type","in":"header","required":true,"type":"string","default":"text/xml; charset=utf-8","x-ms-visibility":"internal"},{"name":"SOAPAction","in":"header","required":true,"type":"string","default":"http://www.mnb.hu/webservices/MNBArfolyamServiceSoap/GetCurrentExchangeRates","x-ms-visibility":"internal"}],"responses":{"200":{"description":"Success","schema":{"$ref":"#/definitions/ExchangeRatesObj"}}}}},"/arfolyamok.asmx/GetDateInterval":{"post":{"summary":"Get available date range","description":"Retrieves the date range for which exchange rates are available","operationId":"GetDateInterval","parameters":[{"name":"Content-Type","in":"header","required":true,"type":"string","default":"text/xml; charset=utf-8","x-ms-visibility":"internal"},{"name":"SOAPAction","in":"header","required":true,"type":"string","default":"http://www.mnb.hu/webservices/MNBArfolyamServiceSoap/GetDateInterval","x-ms-visibility":"internal"}],"responses":{"200":{"description":"Success","schema":{"type":"object","properties":{"startDate":{"$ref":"#/definitions/StartDate"},"endDate":{"$ref":"#/definitions/EndDate"}}}}}}},"/arfolyamok.asmx/GetExchangeRates":{"post":{"summary":"Get historical exchange rates","description":"Retrieves exchange rates for specific currencies and date range","operationId":"GetExchangeRates","parameters":[{"name":"Content-Type","in":"header","required":true,"type":"string","default":"text/xml; charset=utf-8","x-ms-visibility":"internal"},{"name":"SOAPAction","in":"header","required":true,"type":"string","default":"http://www.mnb.hu/webservices/MNBArfolyamServiceSoap/GetExchangeRates","x-ms-visibility":"internal"},{"name":"currencyNames","in":"query","x-ms-summary":"Currency Codes","type":"string","required":true,"description":"Select a currency, or provide a comma separated list of currency codes","x-ms-dynamic-values":{"operationId":"GetCurrencies","value-collection":"values","value-path":"currency","value-title":"currency"}},{"name":"startDate","in":"query","x-ms-summary":"Start Date","description":"Start date in YYYY-MM-DD format","type":"string","required":true},{"name":"endDate","in":"query","x-ms-summary":"End Date","description":"End date in YYYY-MM-DD format","type":"string","required":true}],"responses":{"200":{"description":"Success","schema":{"type":"object","properties":{"values":{"type":"array","items":{"$ref":"#/definitions/ExchangeRatesObj"}}}}}}}},"/arfolyamok.asmx/GetInfo":{"post":{"summary":"Get service information","description":"Retrieves general information about the MNB exchange rate service","operationId":"GetInfo","parameters":[{"name":"Content-Type","in":"header","required":true,"type":"string","default":"text/xml; charset=utf-8","x-ms-visibility":"internal"},{"name":"SOAPAction","in":"header","required":true,"type":"string","default":"http://www.mnb.hu/webservices/MNBArfolyamServiceSoap/GetInfo","x-ms-visibility":"internal"}],"responses":{"200":{"description":"Success","schema":{"type":"object","properties":{"startDate":{"$ref":"#/definitions/StartDate"},"endDate":{"$ref":"#/definitions/EndDate"},"currencies":{"type":"array","description":"List of available currencies","items":{"$ref":"#/definitions/Currency"}}}}}}}}},"definitions":{"Currency":{"type":"string","title":"Currency Code","description":"Currency Code"},"Unit":{"type":"integer","format":"int32","description":"Unit","title":"Unit"},"Rate":{"type":"number","format":"float","description":"Exchange rate","title":"Exchange rate"},"StartDate":{"type":"string","description":"Start date of available data","title":"Start Date"},"EndDate":{"type":"string","description":"End date of available data","title":"End Date"},"CurrencyObj":{"type":"object","properties":{"currency":{"$ref":"#/definitions/Currency"}}},"CurrencyUnitObj":{"type":"object","properties":{"currency":{"$ref":"#/definitions/Currency"},"unit":{"$ref":"#/definitions/Unit"}}},"ExchangeRatesObj":{"type":"object","properties":{"date":{"type":"string"},"rates":{"type":"array","items":{"type":"object","properties":{"currency":{"$ref":"#/definitions/Currency"},"unit":{"$ref":"#/definitions/Unit"},"rate":{"$ref":"#/definitions/Rate"}}}}}}},"parameters":{},"responses":{},"securityDefinitions":{},"security":[],"tags":[],"x-ms-connector-metadata":[{"propertyName":"Website","propertyValue":"https://www.mnb.hu"},{"propertyName":"Privacy policy","propertyValue":"https://www.mnb.hu/en/data-protection"},{"propertyName":"Categories","propertyValue":"Finance;Data"}]}