{"swagger":"2.0","info":{"version":"1.0.0","title":"JSONPlaceholder","description":"Free fake and reliable API for testing and prototyping."},"host":"jsonplaceholder.typicode.com","basePath":"/","schemes":["https"],"consumes":[],"produces":["application/json"],"paths":{"/posts/{postId}":{"get":{"summary":"Get Post","description":"Get Post","operationId":"GetPost","parameters":[{"name":"postId","in":"path","type":"string","required":true,"description":"Post Id","x-ms-summary":"Post Id"},{"name":"Accept","in":"header","required":true,"type":"string","default":"application/json","description":"Accept","x-ms-visibility":"internal","x-ms-summary":"Accept"}],"responses":{"200":{"description":"200","schema":{"$ref":"#/definitions/PostResponse"}}}},"delete":{"summary":"Delete Post","description":"Delete Post","operationId":"DeletePost","parameters":[{"name":"postId","in":"path","type":"string","required":true,"description":"Post Id","x-ms-summary":"Post Id","x-ms-dynamic-values":{"operationId":"GetPosts","value-path":"id","value-title":"title","parameters":{"Accept":"application/json"}}},{"name":"Accept","in":"header","required":true,"type":"string","default":"application/json","description":"Accept","x-ms-visibility":"internal","x-ms-summary":"Accept"}],"responses":{"200":{"description":"200","schema":{"type":"object","properties":{}}}}},"put":{"summary":"Update Post","description":"Update Post","operationId":"UpdatePost","parameters":[{"name":"postId","in":"path","type":"string","required":true,"description":"Post Id","x-ms-summary":"Post Id"},{"name":"Content-Type","in":"header","required":true,"type":"string","default":"application/json","description":"Content-Type","x-ms-visibility":"internal","x-ms-summary":"Content-Type"},{"name":"Accept","in":"header","required":true,"type":"string","default":"application/json","description":"Accept","x-ms-visibility":"internal","x-ms-summary":"Accept"},{"name":"body","in":"body","schema":{"$ref":"#/definitions/PostRequest"},"required":true}],"responses":{"200":{"description":"200","schema":{"$ref":"#/definitions/PostResponse"}}}},"patch":{"summary":"Patch Post","description":"Patch Post","operationId":"PatchPost","parameters":[{"name":"postId","in":"path","type":"string","required":true,"description":"Post Id","x-ms-summary":"Post Id"},{"name":"Content-Type","in":"header","required":true,"type":"string","default":"application/json","description":"Content-Type","x-ms-visibility":"internal","x-ms-summary":"Content-Type"},{"name":"Accept","in":"header","required":true,"type":"string","default":"application/json","description":"Accept","x-ms-visibility":"internal","x-ms-summary":"Accept"},{"name":"body","in":"body","schema":{"type":"object","properties":{"body":{"type":"string","description":"Post Content","title":"Post Content"},"title":{"type":"string","description":"Post Title","title":"Post Title"},"userId":{"type":"integer","format":"int32","description":"User","title":"User","x-ms-dynamic-values":{"operationId":"GetUsers","value-path":"id","value-title":"name","parameters":{"Accept":"application/json"}}}}},"required":true}],"responses":{"200":{"description":"200","schema":{"$ref":"#/definitions/PostResponse"}}}}},"/posts":{"get":{"summary":"Get Posts","description":"Get Posts","operationId":"GetPosts","parameters":[{"name":"userId","in":"query","type":"string","required":false,"description":"Filter by User","x-ms-summary":"User","x-ms-dynamic-values":{"operationId":"GetUsers","value-path":"id","value-title":"name","parameters":{"Accept":"application/json"}}},{"name":"Accept","in":"header","required":true,"type":"string","default":"application/json","description":"Accept","x-ms-visibility":"internal","x-ms-summary":"Accept"}],"responses":{"200":{"description":"200","schema":{"type":"array","items":{"$ref":"#/definitions/PostResponse"}}}}},"post":{"summary":"Create Post","description":"Create Post","operationId":"CreatePost","parameters":[{"name":"Content-Type","in":"header","required":true,"type":"string","default":"application/json","description":"Content-Type","x-ms-visibility":"internal","x-ms-summary":"Content-Type"},{"name":"Accept","in":"header","required":true,"type":"string","default":"application/json","description":"Accept","x-ms-visibility":"internal","x-ms-summary":"Accept"},{"name":"body","in":"body","schema":{"$ref":"#/definitions/PostRequest"},"required":true}],"responses":{"201":{"description":"201","schema":{"$ref":"#/definitions/PostResponse"}}}}},"/users":{"get":{"summary":"Get Users","description":"Get Users","operationId":"GetUsers","parameters":[{"name":"company.name","in":"query","type":"string","required":false,"description":"Filter by Company Name","x-ms-summary":"Company Name"},{"name":"address.city","in":"query","type":"string","required":false,"description":"Filter by City","x-ms-summary":"City"},{"name":"address.zipcode","in":"query","type":"string","required":false,"description":"Filter by Zipcode","x-ms-summary":"Zipcode"},{"name":"Accept","in":"header","required":true,"type":"string","default":"application/json","description":"Accept","x-ms-visibility":"internal","x-ms-summary":"Accept"}],"responses":{"200":{"description":"200","schema":{"$ref":"#/definitions/Users"}}}}}},"definitions":{"User":{"type":"object","properties":{"id":{"type":"integer","format":"int32","description":"User Id","title":"User Id"},"name":{"type":"string","description":"Name","title":"Name"},"username":{"type":"string","description":"Username","title":"Username"},"email":{"type":"string","description":"Email","title":"Email"},"address":{"type":"object","properties":{"street":{"type":"string","description":"Street","title":"Street"},"suite":{"type":"string","description":"Suite","title":"Suite"},"city":{"type":"string","description":"City","title":"City"},"zipcode":{"type":"string","description":"Zipcode","title":"Zipcode"},"geo":{"type":"object","properties":{"lat":{"type":"string","description":"Lat","title":"Lat"},"lng":{"type":"string","description":"Lng","title":"Lng"}},"description":"geo"}},"description":"Address","title":"Address"},"phone":{"type":"string","description":"Phone","title":"phone"},"website":{"type":"string","description":"Website","title":"Website"},"company":{"type":"object","properties":{"name":{"type":"string","description":"Name","title":"Name"},"catchPhrase":{"type":"string","description":"Catch Phrase","title":"Catch Phrase"},"bs":{"type":"string","description":"bs"}},"description":"Company","title":"Company"}}},"Users":{"type":"array","items":{"$ref":"#/definitions/User"}},"PostRequest":{"type":"object","properties":{"body":{"type":"string","description":"Post Content","title":"Post Content"},"title":{"type":"string","description":"Post Title","title":"Post Title"},"userId":{"type":"integer","format":"int32","description":"User","title":"User","x-ms-dynamic-values":{"operationId":"GetUsers","value-path":"id","value-title":"name","parameters":{"Accept":"application/json"}}}},"required":["body","title","userId"]},"PostResponse":{"type":"object","properties":{"body":{"type":"string","description":"Post Content","title":"Post Content"},"title":{"type":"string","description":"Post Title","title":"Post Title"},"userId":{"type":"integer","format":"int32","description":"User Id","title":"User Id"},"id":{"type":"integer","format":"int32","description":"Post Id","title":"Post Id"}}}},"parameters":{},"responses":{},"securityDefinitions":{},"security":[],"tags":[]}