<ImportExportXml version="9.2.25104.160" SolutionPackageVersion="9.2" languagecode="1033" generatedBy="CrmLive" xmlns:xsi="http://www.w3.org/2001/XMLSchema-instance" OrganizationVersion="9.2.25104.160" OrganizationSchemaType="Standard" CRMServerServiceabilityVersion="9.2.25104.00160">
  <SolutionManifest>
    <UniqueName>ShiftEnterSummitDemo</UniqueName>
    <LocalizedNames>
      <LocalizedName description="Shift Enter Summit Demo" languagecode="1033" />
    </LocalizedNames>
    <Descriptions />
    <Version>1.0.0.2</Version>
    <Managed>0</Managed>
    <Publisher>
      <UniqueName>oases</UniqueName>
      <LocalizedNames>
        <LocalizedName description="Ódor András Shift Enter Summit" languagecode="1033" />
      </LocalizedNames>
      <Descriptions>
        <Description description="Publisher for Shift Enter Summit" languagecode="1033" />
      </Descriptions>
      <EMailAddress xsi:nil="true"></EMailAddress>
      <SupportingWebsiteUrl xsi:nil="true"></SupportingWebsiteUrl>
      <CustomizationPrefix>oases</CustomizationPrefix>
      <CustomizationOptionValuePrefix>16559</CustomizationOptionValuePrefix>
      <Addresses>
        <Address>
          <AddressNumber>1</AddressNumber>
          <AddressTypeCode>1</AddressTypeCode>
          <City xsi:nil="true"></City>
          <County xsi:nil="true"></County>
          <Country xsi:nil="true"></Country>
          <Fax xsi:nil="true"></Fax>
          <FreightTermsCode xsi:nil="true"></FreightTermsCode>
          <ImportSequenceNumber xsi:nil="true"></ImportSequenceNumber>
          <Latitude xsi:nil="true"></Latitude>
          <Line1 xsi:nil="true"></Line1>
          <Line2 xsi:nil="true"></Line2>
          <Line3 xsi:nil="true"></Line3>
          <Longitude xsi:nil="true"></Longitude>
          <Name xsi:nil="true"></Name>
          <PostalCode xsi:nil="true"></PostalCode>
          <PostOfficeBox xsi:nil="true"></PostOfficeBox>
          <PrimaryContactName xsi:nil="true"></PrimaryContactName>
          <ShippingMethodCode>1</ShippingMethodCode>
          <StateOrProvince xsi:nil="true"></StateOrProvince>
          <Telephone1 xsi:nil="true"></Telephone1>
          <Telephone2 xsi:nil="true"></Telephone2>
          <Telephone3 xsi:nil="true"></Telephone3>
          <TimeZoneRuleVersionNumber xsi:nil="true"></TimeZoneRuleVersionNumber>
          <UPSZone xsi:nil="true"></UPSZone>
          <UTCOffset xsi:nil="true"></UTCOffset>
          <UTCConversionTimeZoneCode xsi:nil="true"></UTCConversionTimeZoneCode>
        </Address>
        <Address>
          <AddressNumber>2</AddressNumber>
          <AddressTypeCode>1</AddressTypeCode>
          <City xsi:nil="true"></City>
          <County xsi:nil="true"></County>
          <Country xsi:nil="true"></Country>
          <Fax xsi:nil="true"></Fax>
          <FreightTermsCode xsi:nil="true"></FreightTermsCode>
          <ImportSequenceNumber xsi:nil="true"></ImportSequenceNumber>
          <Latitude xsi:nil="true"></Latitude>
          <Line1 xsi:nil="true"></Line1>
          <Line2 xsi:nil="true"></Line2>
          <Line3 xsi:nil="true"></Line3>
          <Longitude xsi:nil="true"></Longitude>
          <Name xsi:nil="true"></Name>
          <PostalCode xsi:nil="true"></PostalCode>
          <PostOfficeBox xsi:nil="true"></PostOfficeBox>
          <PrimaryContactName xsi:nil="true"></PrimaryContactName>
          <ShippingMethodCode>1</ShippingMethodCode>
          <StateOrProvince xsi:nil="true"></StateOrProvince>
          <Telephone1 xsi:nil="true"></Telephone1>
          <Telephone2 xsi:nil="true"></Telephone2>
          <Telephone3 xsi:nil="true"></Telephone3>
          <TimeZoneRuleVersionNumber xsi:nil="true"></TimeZoneRuleVersionNumber>
          <UPSZone xsi:nil="true"></UPSZone>
          <UTCOffset xsi:nil="true"></UTCOffset>
          <UTCConversionTimeZoneCode xsi:nil="true"></UTCConversionTimeZoneCode>
        </Address>
      </Addresses>
    </Publisher>
    <RootComponents>
      <RootComponent type="1" schemaName="account" behavior="1" />
      <RootComponent type="1" schemaName="oases_invoice" behavior="0" />
      <RootComponent type="1" schemaName="oases_invoice_detail" behavior="0" />
      <RootComponent type="1" schemaName="oases_partner_tier" behavior="0" />
      <RootComponent type="29" id="{939733c0-c3bd-f011-bbd3-7ced8d72883c}" behavior="0" />
      <RootComponent type="29" id="{c0c4172a-abbd-f011-bbd3-7ced8d72883c}" behavior="0" />
      <RootComponent type="29" id="{c3733ca7-d4bd-f011-bbd3-7ced8d72883c}" behavior="0" />
      <RootComponent type="29" id="{c4dd0536-8cc9-f011-8544-7ced8d72883c}" behavior="0" />
      <RootComponent type="29" id="{d951bcdf-efc5-f011-bbd3-7ced8d72883c}" behavior="0" />
      <RootComponent type="29" id="{f62ca33d-aabd-f011-bbd3-7ced8d72883c}" behavior="0" />
      <RootComponent type="61" schemaName="oases_forms/account.js" behavior="0" />
      <RootComponent type="62" schemaName="oases_ShiftEnterSummitDemo" behavior="0" />
      <RootComponent type="80" schemaName="oases_ShiftEnterSummitDemo" behavior="0" />
      <RootComponent type="91" id="{33c7068f-d0bd-f011-bbd3-7ced8d72883c}" schemaName="ShiftEnterSummitPlugins, Version=0.1.0.0, Culture=neutral, PublicKeyToken=null" behavior="0" />
      <RootComponent type="92" id="{0396304a-dcbd-f011-bbd3-7ced8d72883c}" behavior="0" />
      <RootComponent type="92" id="{058eec54-0abe-f011-bbd3-7ced8d72883c}" behavior="0" />
      <RootComponent type="92" id="{2d8ef862-0abe-f011-bbd3-7ced8d72883c}" behavior="0" />
      <RootComponent type="92" id="{382b8769-0abe-f011-bbd3-7ced8d72883c}" behavior="0" />
      <RootComponent type="92" id="{61ef2aa2-d0bd-f011-bbd3-7ced8d72883c}" behavior="0" />
      <RootComponent type="92" id="{a1af1238-dcbd-f011-bbd3-7ced8d72883c}" behavior="0" />
      <RootComponent type="92" id="{b8efb413-dcbd-f011-bbd3-7ced8d72883c}" behavior="0" />
      <RootComponent type="92" id="{fd99dc25-dcbd-f011-bbd3-7ced8d72883c}" behavior="0" />
      <RootComponent type="300" schemaName="oases_invoiceapp_e696f" behavior="0" />
      <RootComponent type="372" id="{90e21599-ba9b-4e3b-bca6-28c47762888f}" schemaName="oases_5Fjson-20placeholder-20api-20fancy" behavior="0" />
      <RootComponent type="372" id="{89f8d14f-e299-48ec-9c79-5cf5d21803c3}" schemaName="oases_5Fmnb-20api" behavior="0" />
    </RootComponents>
    <MissingDependencies>
      <MissingDependency>
        <Required type="60" displayName="account contact card" parentDisplayName="Contact" solution="msdynce_AppCommon (9.0.4.0066)" id="{29de27bc-a257-4f29-99cf-bab4a84e688f}">
          <package appName="msdynce_AppCommon" version="9.0.25104.10001">msdynce_AppCommonAnchor (9.0.25104.10001)</package>
        </Required>
        <Dependent type="60" displayName="Account" parentDisplayName="Account" id="{8448b78f-8f42-454e-8e2a-f8196b0419af}" />
      </MissingDependency>
      <MissingDependency>
        <Required type="60" displayName="Account" parentDisplayName="Account" solution="msdynce_AppCommon (9.0.4.0066)" id="{8448b78f-8f42-454e-8e2a-f8196b0419af}">
          <package appName="msdynce_AppCommon" version="9.0.25104.10001">msdynce_AppCommonAnchor (9.0.25104.10001)</package>
        </Required>
        <Dependent type="60" displayName="Account" parentDisplayName="Account" id="{8448b78f-8f42-454e-8e2a-f8196b0419af}" />
      </MissingDependency>
      <MissingDependency>
        <Required type="61" schemaName="msdyn_/Images/AppModule_Default_Icon.png" displayName="msdyn_/Images/AppModule_Default_Icon.png" solution="AppModuleWebResources (2.5)">
          <package appName="AppModule Web Resources Package" version="2.5">AppModuleWebResources (2.5)</package>
        </Required>
        <Dependent type="80" schemaName="oases_ShiftEnterSummitDemo" displayName="Shift + Enter Summit Demo" />
      </MissingDependency>
      <MissingDependency>
        <Required type="66" schemaName="MscrmControls.CardFeedContainer.CardFeedContainer" displayName="MscrmControls.CardFeedContainer.CardFeedContainer" solution="BaseCustomControlsCore (9.0.2510.4008)">
          <package appName="Base Custom Controls" version="9.0.2510.4008">BaseCustomControlsCore (9.0.2510.4008)</package>
        </Required>
        <Dependent type="60" displayName="Account" parentDisplayName="Account" id="{8448b78f-8f42-454e-8e2a-f8196b0419af}" />
      </MissingDependency>
      <MissingDependency>
        <Required type="66" schemaName="oases_oases.PercentComponent" displayName="oases_oases.PercentComponent" solution="PercentComponent (1.0)" />
        <Dependent type="300" schemaName="oases_invoiceapp_e696f" displayName="Invoice App" />
      </MissingDependency>
      <MissingDependency>
        <Required type="66" schemaName="oases_oases.PercentComponent" displayName="oases_oases.PercentComponent" solution="PercentComponent (1.0)" />
        <Dependent type="60" displayName="Account" parentDisplayName="Account" id="{8448b78f-8f42-454e-8e2a-f8196b0419af}" />
      </MissingDependency>
      <MissingDependency>
        <Required type="66" schemaName="oases_oases.PercentComponentPimped" displayName="oases_oases.PercentComponentPimped" solution="PercentComponentPimped (1.0)" />
        <Dependent type="300" schemaName="oases_invoiceapp_e696f" displayName="Invoice App" />
      </MissingDependency>
      <MissingDependency>
        <Required type="66" schemaName="oases_oases.PercentComponentPimped" displayName="oases_oases.PercentComponentPimped" solution="PercentComponentPimped (1.0)" />
        <Dependent type="60" displayName="Account" parentDisplayName="Account" id="{8448b78f-8f42-454e-8e2a-f8196b0419af}" />
      </MissingDependency>
      <MissingDependency>
        <Required type="SettingDefinition" displayName="AppChannel" solution="msdyn_AppFrameworkInfraExtensions (1.0.0.15)" id.uniquename="AppChannel">
          <package appName="PowerAppsAppFramework Package" version="1.0.0.23">PowerAppsAppFramework_Anchor (1.0.0.23)</package>
        </Required>
        <Dependent type="AppSetting" displayName="parentappmoduleid.uniquename=oases_ShiftEnterSummitDemo,settingdefinitionid.uniquename=AppChannel" id.parentappmoduleid.uniquename="oases_ShiftEnterSummitDemo" id.settingdefinitionid.uniquename="AppChannel" />
      </MissingDependency>
    </MissingDependencies>
  </SolutionManifest>
</ImportExportXml>